1;CARAMBOLA;3;4;22
1;CHIRIMOYA;3;8.5;22
1;COCONA;3;6;22
1;DURAZNO;3;9.5;22
1;FRESA;3;8;22
1;GRANADILLA;3;6.5;22
1;GRANADILLA;2;65;22
1;GUAYABA;3;6.5;22
1;GUAYABA;2;110;22
1;KIWI;3;6.5;22
1;MAIZ MORADO;3;3.3;22
1;MANDARINA;3;4.5;22
1;MANGO ;3;3.5;22
1;MANZANA;3;5;22
1;MANZANA DELICIA;3;5;22
1;MANZANA ISRAEL;3;3.5;22
1;MANZANA PERITO;3;3;22
1;MANZANA ;3;4.5;22
1;MANZANA VERDE;3;7;22
1;MARACUYA;3;3.5;22
1;MEMBRILLO;3;4.5;22
1;MELON;3;3;22
1;NARANJA DE JUGO;3;2.8;22
1;NARANJA HUANDO;3;5;22
1;NARANJA TANGELO;3;4;22
1;PALTA;3;8.5;22
1;MELON;3;3;22
1;PAPAYA AREQUIPEÑA;3;5.5;22
1;PAPAYA NORTEÑA;2;35;22
1;PEPINO;3;4;22
1;PERA;3;6.5;22
1;PIÑA GOLDEN;3;3.3;22
1;PIÑA GOLDEN;2;45;22
1;PIÑA;10;5.5;22
1;PLATANO ORGANICO;3;4.5;22
1;PLATANO;10;0.35;22
1;SANDIA GRANDE;3;1.6;22
1;TUNA;3;7.5;22
1;TUMBO;3;5.5;22
1;UVA;3;6;22
2;ACELGA;1;2.5;22
2;ACEITUNA NEGRA;3;12;22
2;ACEITUNA VERDE;3;14;22
2;ACOLANTAO;3;18;22
2;AJI AMARILLO;3;4.5;22
2;AJI COLORADO;3;11;22
2;AJI LIMO;3;10;22
2;AJI NORTEÑO PLASTICO;3;14;22
2;AJI PANCA;3;14;22
2;AJI PAPRICA ;3;14;22
2;AJI VERDE;3;5.5;22
2;AJO;3;12;22
2;AJOS PELADOS;3;12;22
2;ALBACA;3;4;22
2;APIO;10;1.2;22
2;ARBERJON;3;6;22
2;ARVERJITA;3;7;22
2;BETERRAGA;3;3.2;22
2;BROCOLI;3;5;22
2;BROCOLI;26;3.5;22
2;CAIGUA;3;8;22
2;CALABAZA;3;3;22
2;CAMOTE;3;2.2;22
2;CAROLA;10;1;22
2;CEBADA;3;1.2;22
2;CEBOLLA;5;150;22
2;CEBOLLA ;3;0.8;22
2;CEBOLLA CHINA;1;2.5;22
2;CEDRON;1;3;22
2;CHOCLO;3;2.8;22
2;CHAMPIÑON;3;30;22
2;COLIFLOR;5;95;22
2;COLIFLOR;10;3;22
2;COLANTAO;3;15;22
2;COLA DE CABALLO;10;2;22
2;COL CHINA;10;9;22
2;CILANTRO HEMBRA;1;2.5;22
2;CILANTRO MACHO;1;3.5;22
2;ESPINACA;3;6.5;22
2;FREJOL CANARIO X KG;11;6;22
2;GARBANZO;3;5.5;22
2;HABAS;3;2.3;22
2;HIERBA BUENA;1;2;22
2;HIERBA LUISA;1;2.5;22
2;HUATACAY;1;2.5;22
2;KION;3;8;22
2;LECHUGA HIDROPÓNICA;10;2.3;22
2;LECHUGA ORGÁNICA;10;2.2;22
2;LIMON;3;3.5;22
2;LIMON;2;65;22
2;MANZANILLA;1;2;22
2;MENTA;1;3;22
2;MUÑA;1;1.5;22
2;NABO;3;3.5;22
2;OLLUCO;3;4.5;22
2;OREGANO FRESCO;1;2.5;22
2;OREGANO SECO;3;20;22
2;PALTA;3;7;22
2;PAPA ROSADA;3;1.8;22
2;PAPA AMARILLA;3;2.8;22
2;PAPA ;3;1.5;22
2;PEPINILLO;3;2.5;22
2;PEREJIL;1;2.5;22
2;PIMIENTO ROJO;3;5;22
2;PIMENTON;3;7;22
2;PIMENTON SIN PICANTE PAPRIKA;3;11;22
2;PORO;10;1;22
2;RABANITO;1;2.5;22
2;REPOLLO;10;3;22
2;ROCOTO DE HUERTA;3;9;22
2;ROCOTO PARA RELLENO;3;6.5;22
2;TOMATE;2;40;22
2;TOMATE;3;3;22
2;VAINITA;3;4;22
2;WANTAN;10;3;22
2;YUCA;3;2.8;22
2;ZANAHORIA;5;250;22
2;ZAPALLO;3;3;22
2;ZAPALLO ROMANO;3;15;22
2;ZUQUINI;3;4.5;22
3;AJONJOLI NACIONAL SELECTO;3;10;22
3;ARROZ EXTRA SOL TAMBO X 50 KG;5;149;22
3;ARVERJA SECA X KG;3;4.2;22
3;CHUÑO BLANCO GRANDE SIN IGV;3;12;22
3;COCO RALLADO FINO;3;14;22
3;CONCHO CHICHA;6;2.5;22
3;FREJOL CANARIO ;3;8.5;22
3;GARBANZO;3;6.5;22
3;HIGO;3;13.5;22
3;HONGOS SECO;3;35;22
3;JORA;6;2.5;22
3;LENTEJON A GRANEL X KG;3;4;22
3;LINAZA;3;6.5;22
3;MANI;3;12;22
3;OREGANO SECO X KG;3;30;22
3;PALLAR;3;6.8;22
3;PIMENTON SIN PICANTE ;3;10;22
3;QUESO PARIA;10;15;22
3;TE AGRANEL ;3;14;22
3;TE CANELA CLAVO HERBI 25 U;8;1;22
3;TE PURO HERBI X 100 UND;2;4.2;22
3;TE HUYRO NEGRO 200 GR;11;3;22
3;FILETE DE POTA T/M 0.6-0.8 B (03 SACOS);3;6;22
4;ACEITE FRIOL EN BALDE X 18 LT;15;89;22
4;ACEITE CIL X 1 LT;15;5.9;22
4;ACEITE SURSOL EN BALDE X 18 LT;15;87.5;22
4;ACEITE DE AJONJOLI PANDA X 1 GL;16;69;22
4;ACEITE DE OLIVA x 4 LT;16;81.5;22
4;ACEITE DE OLIVA OLIBU EXTRA VIRGEN X 1LT;6;26.5;22
4;ACEITUNA;3;11;22
4;ACHIOETE ENTERO;3;15;22
4;AGUA CIELO X 7 L;16;6.5;22
4;AGUA CIELO SIN GAS X 625 ML;21;0.92;22
4;AJI PANCA ENTERO;3;12;22
4;AJI PAPRICA MOLIDO;3;15;22
4;AJINOMOTO X KG;10;9.5;22
4;AJINOMOTO GRANEL;3;7;22
4;ANIS;3;22;22
4;API;3;6;22
4;ARVERJA SECA;3;3.5;22
4;ATUN FILETE;19;4.5;22
4;ATUN FILETE;2;182.64;22
4;ATUN GRATED X 170 GR;19;2.5;22
4;AVENA;3;3.2;22
4;AVENA SANTA CATALINA X KG;3;3.7;22
4;AVENA TRES OSITOS PRECOCIDA X 5 KG;12;23.8;22
4;AZUCAR BLANCA X 50;5;128;22
4;AZUCAR BLANCA ;3;2.7;22
4;AZUCAR RUBIA CASA GRANDE/CARTAVIO X 50 KG;5;132;22
4;AZUCAR RUBIA X 50;5;110;22
4;CAFÉ ALTOMAYO TIPO CLÁSICO VIDRIO X 50 GR;9;6.5;22
4;CAFÉ VALENZUELA T/EXPORTACION X 500 GR;11;20.5;22
4;CALDO DE GALLINA X 26;2;10.5;22
4;CALDO MAGGIE CARNE X 1 KG;8;17;22
4;CANELA CHINA FURONG X 100 GR;12;4;22
4;CANELA CHINA FURONG X 400 GR;12;7.5;22
4;CANELA ENTERA;3;68;22
4;CANELA MOLIDA;3;42;22
4;CASCARA DE CACAO;3;4;22
4;CEBADA TOSTADA;3;3.8;22
4;CESINA;3;28;22
4;CHALONA;3;28;22
4;CHANCACA;11;3;22
4;CHOCOLATE CAÑONAZO x 24;11;9.7;22
4;CHOCOLATE SOL DEL CUSCO 300 GR;10;10.2;22
4;CHOCOLATE SOL DEL CUSCO 100 GR;10;3.4;22
4;CHOCHOCA ENTERA KL;3;8;22
4;CHOCHOCA MOLIDA X KG;3;5.5;22
4;CHUÑO BLANCO GRANDE;3;12;22
4;CHUÑO NEGRO MOLIDO;3;4.5;22
4;CHUÑO SANTIS MANDIOCA X KG;3;5.4;22
4;CHUÑO SANTIS MANDIOCA X 25 KG;5;119;22
4;CLAVO DE OLOR;3;48;22
4;COCOA AGRANEL X KL;3;25;22
4;COCOA WINTERS LA DE SIEMPRE X 1 KG;12;29;22
4;COLADOR N4 REY MULTIUSO;10;7;22
4;COLAPIZ EN SOBRE X 12 X ;2;16;22
4;COMINO MOLIDO;3;16;22
4;CREMA ESPARRAGO MAGGIE X 12;12;19.2;22
4;CREMA MAGGIE DE ESPARRAGO X 1 KG;8;24.5;22
4;CUCHARAS DESCARTABLES GRANDES X 50;12;3.13;22
4;CUCHARILLA X DOC;17;8;22
4;DURAZNO ARICA X 820 GR;19;5.5;22
4;ECCO NESTLE X 195 GR;19;6.9;22
4;ESCENCIA DE VAINILLA NEGRITA X 1 LT;21;7.5;22
4;FIDEO ALIANZA CANUTO GRANDE 250 GR;12;0.8;22
4;FIDEO ALIANZA SPAGUETTI X 500 GR;10;1.55;22
4;FIDEO ALIANZA SURTIDO X 5 KG;11;17.5;22
4;FIDEO ALIANZA TALLARIN GRUESO X 500 GR;11;1.6;22
4;FIDEO ALIANZA CABELLO DE ANGEL X 250 GR;12;0.9;22
4;FIDEOS CANUTO X 10 KG;12;35;22
4;FIDEOS CANUTO X 5KG;12;11.97;22
4;FIDEO CORBATA LAVAGGI X 5KG;11;17.5;22
4;FIDEO DON MAXIMO ARITO X 250 GR;11;0.78;22
4;FIDEO DON MAXIMO CABELLO DE ANGEL X 10 KG;11;31;22
4;FIDEO DON MAXIMO CABELLO DE ANGEL X 250 GR;11;0.78;22
4;FIDEO DON MAXIMO CANELON X 250 GR X 10 KG;11;31;22
4;FIDEO DON MÁXIMO SURTIDO X 250 GR X 10 KG;11;31;22
4;FIDEO DON MÁXIMO SPAGUETTI X 10 KG;11;31;22
4;FIDEO DON MÁXIMO SPAGUETTI X 500 GR;12;1.55;22
4;FIDEO DON MAXIMO TALLARIN X 500 GR;12;1.55;22
4;FIDEO DV ARITO X 250 GR;11;1.18;22
4;FIDEOS DV LETRAS/NUMERADAS X 250 GR;12;1.35;22
4;FIDEO DV CANUTO RAYADO #31 X 250 GR;12;1.23;22
4;FIDEO DV TORNILLO X 250 GR;12;1.24;22
4;FIDEO DV MUNICION X 250 GR;12;1.28;22
4;FIDEO CANUTO MOLITALIA X 250 GR;8;1.05;22
4;FIDEO DV CODO CHICO X 250 GR;12;1.35;22
4;FIDEO LETRITAS MOLITALIA X 250 GR;12;1.1;22
4;FIDEO LAVAGGI TORNILLO X 250 GR;11;0.85;22
4;FIDEO LAVAGGI CABELLO DE ANGEL X 250 GR;11;0.85;22
4;FIDEO MOLITALIA ARITO X 250 GR;11;1.05;22
4;FIDEO MOLITALIA CABELLO DE ANGEL X 250 GR;11;1.1;22
4;FIDEO MOLITALIA CODO CHICO X 250 GR;12;1.08;22
4;FIDEO MOLITALIA LETRITAS X 250 GR;12;1.1;22
4;FIDEO MOLITALIA MUNICION X 250 GR;10;1.05;22
4;FIDEO MOLITALIA TALLARIN X 500 GR;11;1.95;22
4;FIDEO NICOLINI ARITO X 250 GR;11;0.95;22
4;FIDEO SPAGUETTI X 500 GR;11;1.75;22
4;FIDEO SPAGUETTI X 10 KG;12;27.71;22
4;FIDEOS TALLARIN X 500 GR LAVAGGI;11;1.6;22
4;FIDEOS TALLARIN X 10 KG;12;25;22
4;FIDEO VICTORIA MACARRONES X KG;3;3.7;22
4;FILETE DE ATÚN COMPAS X 185 GR;19;4.5;22
4;FILETE DE ATÚN A-1 X 170 GR;19;4.3;22
4;FILETE DE ATÚN GLORIA 170 GR;19;4.4;22
4;FLAN DE VAINILLA X 12 X 100;12;17.58;22
4;FLAN GEMINIS X 5 KG;11;39;22
4;FLAN LEAL X 5 KG;11;35;22
4;FLAN NEGRITA VAINILLA X 100 GR;8;1.7;22
4;FLAN ROYAL CHOCOLATE X 80 GR;8;2;22
4;FLAN UNIVERSAL CHOCOLATE X 150 GR;8;2.6;22
4;FOSFOROS X 10;2;20;22
4;FOFOROS INTI PAQ. X 10;11;1.9;22
4;GALLETAS CASINO ALFAJOR X 6;11;3;22
4;GALLETAS CASINO FRESA X 6;11;3;22
4;GALLETAS CASINO CHOCOLATE X 6;11;3.1;22
4;GALLETAS CASINO LUCUMA X 6;11;3;22
4;GALLETAS CASINO MENTA X 6;11;3;22
4;GALLETAS CASINO VAINILLA X 6;11;3;22
4;GALLETA CHARADA CHOCOLATE X 6;11;3.3;22
4;GALLETAS CHOCUBU, VICTORIA X 6 UND;11;2.82;22
4;GALLETAS CHOMP NARANJA X 6;11;2.9;22
4;GALLETAS CHOMP CHOCOLATE X 6 UND;11;2.9;22
4;GALLETA CORONITA FRESA GRANDE X 6;11;3.2;22
4;GALLETAS DIA SODA X 250 GR;11;1.3;22
4;GALLETAS DIA VAINILLA X 250 GR;11;1.3;22
4;GALLETAS FRAK CHOCOLATE X 6;11;2.9;22
4;GALLETAS GRETEL CHOCOLATE;11;2.75;22
4;GALLETAS GRETEL MANJAR X 6 UND;11;2.75;22
4;GALLETAS RELLENITAS DIA CHOCOLATE X 8 UND;11;2.1;22
4;GALLETAS RELLENITAS DIA COCO X 8 UND;11;2.1;22
4;GALLETAS RELLENITAS DIA FRESA X 8 UND;11;2.1;22
4;GALLETAS RELLENITAS DIA LIMÓN X 8 UND;11;2.1;22
4;GALLETAS RELLENITAS DIA VAINILLA X 8 UND;11;2.1;22
4;GALLETAS RELLENITAS SURTIDAS X 8 UND;11;2.1;22
4;GALLETAS RELLENITAS SAN JORGE X 40 UND;2;11;22
4;GALLETAS SAN JORGE VAINILLA X 40 ;2;7;22
4;GALLETAS SODA VICTORIA X 6 PQT;11;2.25;22
4;GALLETAS DIA SODA X 250 GR;11;1.3;22
4;GALLETAS TENTACION CHOCOLATE X 6 UND;11;2.9;22
4;GALLETAS TENTACION COCO X 6 UND;11;2.9;22
4;GALLETAS TENTACIÓN NARANJA X 6 UND;11;2.9;22
4;GALLETAS TUAREG X 6;11;2.8;22
4;GALLETAS VAINILLA FIELD X 6;11;2.75;22
4;GALLETAS VAINILLA X 40 PQT;2;7.5;22
4;GALLETAS ZOOLOGIA CAJA X 2.8 KG;2;12.8;22
4;GARBANZO;3;6.16;22
4;GASEOSA COCA COLA 500ML;21;1.85;22
4;GASEOSA INKA COLA X 3 LT;21;9.5;22
4;GASEOSA COCA COLA 3 LT;21;9.8;22
4;GASEOSA KOLA REAL SURTIDA X 450 ML X 12 UND;11;11.5;22
4;GASEOSA INCA KOLA 500ML;21;1.85;22
4;GELATINA X 5 KG;12;55;22
4;GELATINA GEMINIS FRESA X 5 KG;11;33.5;22
4;GELATINA GEMINIS LIMÓN X 5 KG;11;36;22
4;GELATINA GEMINIS NARANJA X 5 KG;11;36;22
4;GELATINA GEMINIS PIÑA X 5 KG;11;36;22
4;GELATINA GEMINIS UVA X 5KG;11;35;22
4;GELATINA DE LIMÓN X 5 KG;12;34.5;22
4;GELATINA LEAL FRESA/NARANJA/PIÑA/LIMON X 5 KG;12;35;22
4;HARINA X 10 KG;5;27.93;22
4;HARINA DE ARVERJA X KG;3;6.2;22
4;HARINA DE MAIZ DEMSA X KG;3;3.5;22
4;HARINA NICOLINI AGRANEL X KG;3;2.25;22
4;HARINA NICOLINI EXTRA SUR X 50 KG;5;99;22
4;INKA KOLA 2.25 ML;10;5.9;22
4;COCA COLA 2.25 ML;10;5.9;22
4;JUGO KRIS SURTIDO X 500 X 12 UND;11;11;22
4;KETCHUP B&D BALDE;15;16.5;22
4;KETCHUP ALPESA X 10 GR;10;0.17;22
4;KIWICHA PLOP ;3;20;22
4;KIWICHA MOLIDA SEICPROSA;3;17;22
4;LAUREL SECO ESPAÑOL;3;38;22
4;LECHE BONLE X 6 SIX PACK X 410 GR;2;14.5;22
4;LECHE CONDENSADA X 4,5;12;55;22
4;LECHE CONDESADA GLORIA X 395 GR;19;3.85;22
4;LECHE GLORIA EVAPORADA AZUL X 400 GR;19;2.95;22
4;LECHE GLORIA FRESCA X 946 ML BOLSA;12;3.3;22
4;LECHE IDEAL AMANECER NESTLE X 400 GR;19;2.39;22
4;LECHE LAIVE CHOCOLATADA X 24 X 180 ML;2;25;22
4;LECHE IDEAL CREMOSITA X 395;19;2.95;22
4;LECHE PURA VIDA X 165 GR;19;1.13;22
4;LECHE PURA VIDA X 410 GR;19;2.4;22
4;LENTEJA;3;;22
4;MACA;3;25;22
4;MAIZENA ;3;3.5;22
4;MAIZ  CABAÑITA;3;7.5;22
4;MANDIOCA ;3;6;22
4;MANI;3;9.5;22
4;MANJAR BASZO VELARDE X 900 GR;12;7.3;22
4;MANJAR X 1 KG X 12;2;84;22
4;MANJAR EN BALDE X 19 LT;15;93;22
4;MANTEQUILLA X 2 KG 5;27;81.49;22
4;MANTEQUILLA GLORIA X 400 GR;11;10.8;22
4;MARGARINA SELLO DE ORO AGRANEL;3;8.8;22
4;MARGARINA SELLO DE ORO X 2 KG;11;18;22
4;MATE CANELA Y CLAVO;2;4.5;22
4;MATE DE COCA HERBI 100 U;2;6.2;22
4;MATE DE HIERBA LUISA HERBI 100 U;2;4.5;22
4;MATE DE MANZANILLA HERBI 100 U;2;4.5;22
4;MATE DE ANÍS HERBI X 100 U;2;4.5;22
4;MAYONESA ALACENA X 10 CC ;20;0.24;22
4;MAYONESA ALACENA X 4 LT;15;53.5;22
4;MAYONESA X 4 KG;15;44.87;22
4;MAYONESA MACBEL X 4 LT;15;32;22
4;MAZAMORRA X 12;2;43.87;22
4;MAZAMORRA NEGRITA DURAZNO X 160 GR;8;2.4;22
4;MAZAMORRA NEGRITA MORADA X 160 GR;8;2.4;22
4;MAZAMORRA NEGRITA PIÑA X 160 GR;8;2.4;22
4;MERMELADA COMPAS FRESA X 100 GR;20;1;22
4;MERMELADA X 1 KG X 6;2;39.24;22
4;MERMELADA X 1 KG;12;8.5;22
4;MERMELADA SILVIA FRESA X KG;10;9;22
4;MIEL DE CAÑA X 500 ML EL SOMBRERITO;10;4.9;22
4;MIEL DE ABEJA CENAP X 550 GR;9;19;22
4;MILO NESTLE 400 GR;19;14.5;22
4;MONDADIENTES PAQUETE;11;21;22
4;MONDADIENTE CHINOS BAMBU TORNEADOS X 120 UND (CAJITA);2;1;22
4;MORON;3;3.8;22
4;MOSTAZA ALPESA X 4 LT;15;13.5;22
4;MOSTAZA ALPESA SACHET X 10 GR;20;0.17;22
4;MOSTAZA B&D X 4 LT;15;13.5;22
4;NESCAFE KIRMA X 190 GR LATA;10;20.5;22
4;NESCAFE TRADICIÓN X 190 GR;19;21.5;22
4;OLLAS NRO 60 ETERMA;10;330;22
4;PALILLO MOLIDO X KG;3;14;22
4;PALITOS PARA ANTICUCHO X 100;11;4.92;22
4;PALLARES;3;8.7;22
4;PAN MOLIDO LA CANASTA ;3;4.2;22
4;PANETON SAN JORGE BELLEZA X 800 GR;10;10;22
4;PAPA SECA;3;8.5;22
4;PAPITAS SALADAS AL HILO X KG;3;16.5;22
4;PAPITAS SALADAS EN HOJUELA ;3;16;22
4;PASAS MORENAS;3;13.5;22
4;PIMIENTA NEGRA MOLDA;3;47;22
4;PIMIENTA PICANTE NEGRA MOLIDA;3;20;22
4;PIMIENTA DE OLOR;3;19;22
4;POP CORN X KG;3;4.5;22
4;PUDIN NEGRITA CHOCOLATE;8;2.1;22
4;PUDIN UNIVERSAL CHOCOLATE X 100 GR;8;1.9;22
4;QUESO ;10;29;22
4;QUINUA;3;11;22
4;REFRESCOS X 12;2;7.8;22
4;REFRESCO KANU MANGO X 15 GR;10;0.75;22
4;REFRESCO NEGRITA X 15 GR;8;0.71;22
4;REFRESCO NEGRITA VARIEDAD X 15 GR;8;0.7;22
4;REFRESCO ZUKO VARIEDAD X 15 GR;8;0.75;22
4;SAL DE MESA MARINA X KG;3;1.24;22
4;SAL DE MESA MARINA X 25 UND;11;30.5;22
4;SAL DE MESA MARINA X 1 KG X 25;5;30.5;22
4;SAL DE COCINA X 1 KG X 25;12;;22
4;SAL DE  MESA X 1 KG X 25;11;30.5;22
4;SALSA DE TOMATE MOLITALIA POMAROLA X 160;28;1.1;22
4;SALSA DE TOMATE MOLITALIA POMAROLA X 320;8;2.08;22
4;SALSA DE OSTION PANDA 510 GR;21;13;22
4;SAZON COMPLETA BADIA X 99,2 GR;9;7.5;22
4;SAZONADOR SIBARITA AJI PANCA ;8;0.58;22
4;SEMOLA X 10 KG;11;18.7;22
4;SEMOLA CORINA AGRANEL X KG;3;3.7;22
4;SEMOLA MOLITALIA AGRANEL X KG;3;3.5;22
4;SIETE CEREALES EN POLVO;3;14;22
4;SILLAO X 1 LT;21;;22
4;SILLAO X 5 LT;21;16;22
4;SILLAO AJINOSILLAO X 5 LT;9;23;22
4;SILLAO KIN MAI X 12 X 0,5 LT;10;54;22
4;SILLAO KIKO X 500 ML;21;2.7;22
4;SILLAO KIKO X 5 LT;16;22.5;22
4;SILLAO VENTURO X 12 X 0,5 LT;2;38.5;22
4;SILLAO VENTURO X 0,5 LT;21;3.17;22
4;TAUSY CAVCONI/FURONG X 500 GR;12;8.5;22
4;TE A GRANEL;3;12;22
4;TRIGO MORON X KG;3;3.8;22
4;TRIGO MORON PARTIDO X KG;3;3.8;22
4;TRIGO PELADO;3;3.7;22
4;TROZOS DE ATUN A1 X 170 GR;19;3.99;22
4;TROZOS DE ATUN FANNY X 170 GR;19;3.99;22
4;VAINILLA;6;7.65;22
4;VINAGRE BLANCO X 1 LT X 12;2;32.62;22
4;VINAGRE A-I BLANCO GALON POR 4 LT;16;10.5;22
4;VINAGRE A-I TINTO GALON POR 4 LT;16;10.5;22
4;VINAGRE TINTO X 1 LT X 12;2;32.62;22
4;VINAGRE DEL FIRME BLANCO SACHET X 1 LT;2;2.63;22
4;VINAGRE DEL FIRME TINTO SACHET X 1 LT;12;3.1;22
4;VINAGRE TINTO X 1000 ;6;1.86;22
4;VINAGRE TINTO X 500 X 12;2;27.6;22
4;VINAGRE VENTURO TINTO 600 ML;21;3.04;22
4;VINO CLOS DE PIRQUE BLANCO X LT;10;11;22
4;VINO CLOS DE PIRQUE TINTO X LT;10;11;22
4;VINO TINTO X 1 LT;6;11;22
4;WAFER COSTA NICK CHOCOLATE X 6 UND;11;2.45;22
4;WAFER COSTA NICK FRESA X 6 UND;11;2.45;22
4;WAFER COSTA NICK VAINILLA X 6 UND;11;2.45;22
4;YOGURT PURA VIDA X 500 ML x 6 BOT;11;11;22
4;YOGURT PURA VIDA SURTIDO X 1 L x 6 BOT;11;21.5;22
4;TRANSPORTE DE ENVÍO;29;35;22
5;ACIDO MURIATICO TIGRE;9;4.5;22
5;ALCOHOL EN GEL CON GLICERINA X 3.1;13;55;22
5;AYUDIN X 600 GR;30;3.95;22
5;AYUDIN X 800 GR;10;4.8;22
5;AYUDIN GRANDE X 9 X 12;2;64.07;22
5;AYUDIN LIQUIDO X 900 ML;9;12;22
5;AYUDIN LIMON X 1000 GR;10;6.3;22
5;BARBIJOS PLANOS GOLDEN MEDIC C/LIGA;2;25;22
5;BOLSAS BRILLITO 3 X 8;11;1.8;22
5;BOLSAS BRILLITO POLIPROPILENO 16 X 24;11;15.5;22
5;BOLSAS CHISMOSA 16 X 19 PROPLAST X 100;11;4;22
5;BOLSAS CHISMOSA 19 X 20 PROPLAST;11;8;22
5;BOLSAS CHISMOSAS BLANCAS 21 X 24;11;10.5;22
5;BOLSAS CRISTAL 20 X 30 X 2;11;44;22
5;BOLSAS DE BASURA 26 X 40 X 100 UND;11;22;22
5;BOLSAS DE BASURA-GRANDES X 220 LITROS;11;63;22
5;BOLSAS DE BASURA-GRANDES 140 LT X 100 GRANDE;11;30;22
5;BOLSAS DESGLOSABLES PB 5 X 10;11;10.5;22
5;BOLSAS DESGLOSABLES PB 7 X 10;11;10.5;22
5;BOLSAS DE 50 LT X 50;12;34.5;22
5;BOLSAS X 220 LT;11;56;22
5;BOLSAS PARA SANDWICH 6 X 6 X 100 UNIDADES;11;1.1;22
5;BOLSAS DE PLASTICO CHISMOSA;10;0.05;22
5;BOLSAS PLATICAS DE 20 KG 21X24 X 100;12;10.1;22
5;BOLSAS POLIGRASA GRANDES;10;12.5;22
5;BOLSAS TALONERAS PAPELILLO 8 X 12;10;0.5;22
5;BOLSAS WARA 6 X 12 200 UND;11;4;22
5;BOTELLAS X 100 UND;14;30;22
5;BROCHETAS DE BAMBOO ;11;2;22
5;CARBON;5;110;22
5;CUCHARAS DESCARTABLES CHICAS X 100;11;1.8;22
5;CUCHARAS DESCARTABLES GRANDES X 50;11;3.5;22
5;CUCHILLO ACRÍLICO X 100 UND;11;9;22
5;DKASA FLORAL X 4 LT;13;13.5;22
5;DETERGENTE SAPOLIO X 15 KG MAX PODER;12;66;22
5;DETERGENTE VAJILLA X 15 KG ;12;58;22
5;DISPENSADOR PARA JABÓN LÍQUIDO;10;18.9;22
5;ESCALERA;10;88.9;22
5;ESCOBAS;10;14.5;22
5;ESCOBILLA DE FIERRO;10;7.1;22
5;ESCOBILLA DE ROPA;10;3;22
5;ESCOBILLA PARA BAÑO;10;8.5;22
5;ESCOBILLA PARA UÑAS;10;1.2;22
5;ESCOBILLON CLORINDA GRANDE MULTIUSO;10;9.5;22
5;ESCOBILLON DALIA SUPER GRANDE;10;9;22
5;ESCOBILLON HUDE GRANDE;10;9.5;22
5;ESPONJA DE ACERO;10;1.1;22
5;ESPONJA DE ACERO CUADRADA COLORES;10;1.2;22
5;ESPONJA DE METAL;10;1.5;22
5;ESPONJA VERDE X 12;11;11.2;22
5;GORROS DE ENFERMERA GOLDEN MEDIC X CAJA;2;14;22
5;GUANTES DE ALUMINIO;22;88;22
5;GUANTES ETERNA ANTIDESLIZANTE BICOLOR T 8;22;6.8;22
5;GUANTES ETERNA MULTI BICOLOR T 9;22;6.8;22
5;GUANTES LIMPIA YA LAVANDERIA T-L;10;10.8;22
5;GUANTES;22;7.8;22
5;GUANTES QUIRURGICOS VINILO T-M;2;16;22
5;GUANTES QUIRURGICOS GOLDEN;2;22.5;22
5;GUANTES S/BRITE LAVAND TALLA 7M;22;7.8;22
5;GUANTES VIRUTEX BAÑOS LAVANDERÍA;22;8;22
5;JABONCILLO CAMAY CLASICO X 90;10;1.5;22
5;JABONCILLO LUX FRESCURA IRRESISTIBLE X 125 GR;10;2.5;22
5;JABON LIQUIDO VIVE;13;15;22
5;JABON LIQUIDO ARO NEUTRAL X 4 LT;13;23.5;22
5;JABON LIQUIDO MASTER CLEAN ;13;14;22
5;JALADOR DE AGUA GRANDE DE JEBE ;10;8;22
5;LEJIA X 1 GL;13;8.02;22
5;LEJIA PATITO CUADRADA;10;7.5;22
5;LEJIA SAPOLIO ORIGINAL X 5000 GR;10;14;22
5;LIMPIA TODO X 1 GL;13;10.7;22
5;LIMPIA TODO SAPOLIO BEBE X 3785 ML;16;13;22
5;LIMPIA TODO  SAPOLIO FLORAL X 5000 ML;13;14.5;22
5;LIMPIA TODO  SAPOLIO ROSAS X 5000 ML;13;14.5;22
5;LIMPIA TODO SAPOLIO LAVANDA X 5000 ML;16;14.5;22
5;LIMPIA TODO SAPOLIO LIMON X 5000 ML;16;13.5;22
5;LIMPIA TODO SAPOLIO LIMON X 5000;16;13.5;22
5;LIMPIA TODO SAPOLIO ROSAS X 5000;13;14.5;22
5;LIMPIA VIDRIO 1 GL;13;7.4;22
5;MANDIL DE MARROQUIN GRANDE LINO PESADO ;10;10.5;22
5;MANDIL DE ALUMINIO;10;132;22
5;MONDADIENTES CHINOS BAMBU TORNEADOS X 120 PZS;10;1;22
5;MONDADIENTES REDONDO WALI 200 UND;2;0.5;22
5;MOSTACERO;17;30;22
5;PALO DE ESCOBA PLASTICO ESTANDAR;10;2.2;22
5;PAÑOS ABSORBENTES SURTIDO 4 X 3 SB;11;7.5;22
5;PAÑOS SCOTH BRITE SECATODO 4 X 3;11;7.8;22
5;PAÑOS ABSORVENTES WETEX X 20 ;11;16.9;22
5;PAÑOS SECATODO MULTIUSO X 20 UND;11;13.8;22
5;PAÑOS VIRUTEX PARA PISO CON OJAL 50 X 85;10;6.5;22
5;PAÑOS VIRUTEX ABSORBENTE X 20 UND;11;16;22
5;"PAPEL FILM EN ROLLO DE 20"" X 4";23;23.9;22
5;PAPEL HIGIENICO X 20 ;31;14.8;22
5;PAPEL HIGIENICO IDEAL X 20 ROLLOS;11;18;22
5;PAPEL PLASTICO CLING FILM 12 X 2000;2;67;22
5;PAPEL PLÁSTICO DOMINGO 30 X 600 METROS CAJA;2;72;22
5;PAPEL PLÁSTICO TRIPLE B X 305 METROS;2;29.5;22
5;PAPEL PLÁSTICO DARNELL X 609 MTS GRANDE AZUL/NEGRO ;2;59;22
5;PAPEL TOALLA X 200 M X 4;2;59.9;22
5;PAPEL TOALLA ELITE ULTRA DE COCINA X 3;11;5.2;22
5;PAPEL TOALLA SUMAC X 200 MT JUMBO;11;14;22
5;PLATOS DESCARTABLES TECNOP P22 X 25 UND;11;2.44;22
5;SAPOLIO INSECTICIDA MATACUCARACHA X 360 ML;10;8;22
5;POLIGRASA;10;12.5;22
5;QUITA SARRO MASTER CLEAN X 1 GL;13;14;22
5;RECOGEDOR DE BASURA;10;6.8;22
5;RECOGEDOR VIRUTEX ECONOMICO;10;4.5;22
5;SACASARRO MASTER CLEAN ;13;14;22
5;SECADOR SET X 3;24;6.9;22
5;SECADOR MANTEL SET X 3 ;24;3.9;22
5;SECADORES BLANCO CHICO;25;3.5;22
5;SERVILLETAS NOBLE CORTADA X 200 UND;11;1.01;22
5;SERVILLETAS TESS 400 UNIDADES;11;2.2;22
5;SERVILLETAS X 400 X 6;12;11.89;22
5;SHAMPO SEDAL DUO 2 EN 1 CAJA X 20 SACHET;2;13;22
5;SODA CAUSTICA X 1 GL;13;7;22
5;SODA CAUSTICA X KL;3;7;22
5;TACHO MARRON/AMARILLO/NEGRO N#80;10;70;22
5;TAPAS X 100 UND;11;7;22
5;TAPER 1/2 LT X 100 UNIDADES ;14;25;22
5;TAPER 1 LT X 100 UNIDADES;11;31.5;22
5;TAPER 8 ONZAS X 100 UND;14;17;22
5;TAPER CT3 X 100 UNIDADES;11;28;22
5;TAPER CT5 1/4 POLLO X 100 UNIDADES;11;19;22
5;TAPER DESCARTABLE PARA SEGUNDO 2 x 200;11;97.37;22
5;TAPER DESCARTABLE PARA SEGUNDO 5 x 200;11;36.9;22
5;TAPON BELL;10;7.9;22
5;TENEDORES ACRÍLICO GRANDE X 50 UND;11;4.5;22
5;TENEDORES DESCARTABLES GRANDES X 50;11;3.5;22
5;TRAPEADOR DE FELPA;10;5.99;22
5;TRAPEADOR ETERNA POLIALGODON X UND;10;6.5;22
5;TRAPEADOR INDUSTRIAL;10;11.9;22
5;VASOS ACRÍLICOS;14;29;22
5;VASOS TECNOPOR 8 OZ X 25 UND;11;2.3;22
5;VASOS TRANSP. 6.5 OZ X 50 UND;11;1.5;22
5;VIRUTEX PAÑO PARA PISO 50 X 85;10;6.5;22
6;ASADO REDONDO;3;18;22
6;BISTEK;3;13;22
6;CABEZA DE CERDO;3;9;22
6;CARNE MOLIDA;3;13.8;22
6;CARNE PARA CARAPULCRA;3;13;22
6;CERDO TROZADO;3;13;22
6;CHORIZO X 7 X 500gr;11;6.5;22
6;CHORIZO PARRILLERO X 500 GR X 6 UND;10;10;22
6;CHULETA DE CERDO ;3;13;22
6;CHULETA - BRAZUELO C/L MARIP 170-325;3;12.5;22
6;CHULETA - BRAZUELO C/L MARIP 220-280 ;3;13.4;22
6;CHULETA - COGOTE C/L - MARIP 7MM 240-370;3;12;22
6;CHULETA - LOMO MARIP 220-410 GR X 10;3;13.8;22
6;CHULETA-PIERNA C/L-CORTE 7MM 200-560;3;10.3;22
6;CHULETA DE RES - ZAPATITO;3;13.8;22
6;CORAZON CONCEPCION;3;9.3;22
6;CORAZON VACUNO LAS MORAS;3;10.5;22
6;CORAZON VACUNO GJ;3;10.5;22
6;CORAZON MONDELLI;3;9.3;22
6;CORAZON VACUNO FRIBOI;3;10.5;22
6;CORAZON VACUNO MADEKA;3;10.5;22
6;COSTILLA DE CERDO;3;14;22
6;HAMBURGUESA PECHO POLLO 6U X 500 GR;10;6.9;22
6;HAMBURGUESA PECHO POLLO 90 GR 4U X 350 GR;10;4.6;22
6;HAMBURGUESA PECHO POLLO 16U X 960 CONG;10;12.5;22
6;HIGADO;3;11;22
6;HIGADO VACUNO IBP;3;6;22
6;HIGADO ST HELESN;3;6.6;22
6;HIGADO CARGUILL EXCELL;3;6.6;22
6;HUESO DE RES;3;12.5;22
6;HUESO MANZANO;3;13;22
6;HOT-DOG X 24;3;8.1;22
6;JAMON DEL PAIS LA GRANJITA X KG;3;29.8;22
6;JAMON PIZZERO;3;19.8;22
6;JAMONADA DE POLLO X 200 GR 16 RODAJAS;10;2.9;22
6;JAMONADA DE POLLO X 100 GR 8 RODAJAS;10;1.6;22
6;JAMONADA DE POLLO X KG ;3;13.8;22
6;LOMO FINO;3;36;22
6;LONJA DE CERDO;3;10;22
6;MALAYA;3;13;22
6;MOLLEJA DE POLLO SEARA;3;6;22
6;MONDONGO CONGELADO EXTRA;3;9;22
6;MONDONGO CONGELADO CASERO;3;8.6;22
6;MONDONGO ENTERO AMERICANO CCA;3;9.5;22
6;MONDONGO CONGELADO EN CAJA;3;9.5;22
6;MORTADELA DE POLLO X 200 GR;11;2.3;22
6;OSOBUCO;3;12;22
6;PANCETA;3;16;22
6;PIERNA PRECOCIDA;3;17;22
6;PECHO DE RES;3;13;22
6;PERRO CALIENTE POLLO X 1 KG X 24 UND;3;7.7;22
6;PIERNA DE CERDO ;3;12.5;22
6;PULPA DE CERDO;3;12.5;22
6;PULPA DE RES;3;13.8;22
6;QUESO DE CHANCHO X 200 GR;11;2.9;22
6;SALCHICHA VIENA X 32 UNID.;3;23.9;22
6;SANCOCHADO DE RES;3;13.8;22
6;TRIPA DE RES;3;10;22
7;ALITAS DE POLLO FRESCAS 70-120 GR;3;7.5;22
7;CHURRASQUITO DE POLLO BOLSA 16*63;3;114;22
7;GALLINA ENTERA C/M SADIA;3;7.7;22
7;HUEVO GRANDE ENVASADO PAQ. 15 UNID.;3;5.7;22
7;HUEVO ROSADO PAQ. 180 UNID.;3;5.8;22
7;HUEVOS SAN FERNANDO X 1/2 JABA;11;59;22
7;MOLLEJA ENTERA SELECCIONADA;3;6.8;22
7;MOLLEJA CONGELADA - BOLSA X 500 GR;10;5.1;22
7;MUSLITOS DE POLLO FRESCO 110-220 GR;3;8.2;22
7;PAVO PIERNA ENTERA;3;8.81;22
7;PAVO PIERNA SADIA;3;9;22
7;PECHUGA DE POLLO FRESCA GRL 500-850 GR;3;9.8;22
7;PECHUGA DE POLLO GRANDE 800 GR A MAS;3;8.7;22
7;PIERNA DE POLLO TYSON;3;5.3;22
7;PIERNA CON ENCUENTRO FRESCA 300-500 GR;3;6.63;22
7;PIERNA CON ENCUENTRO RANGUEDA 400-450 GR;3;6.93;22
7;PIERNA CON ENCUENTRO POLLO CASE FARMS 15 KG;3;5;22
7;PIERNA DE PAVO VIRGINIA;3;9;22
7;PIERNA DE PAVO DAKOTA;3;9.2;22
7;POLLO FRESCO MERCADO PLUS C/M 1.80-2.00;3;6.5;22
7;POLLO FRESCO MERCADO PLUS C/M 2.00-2.20;3;6.3;22
7;POLLO MOLLEJA;3;6.3;22
7;ENVÍO POR BUS;29;27;22
8;ESPINAZO DE PESCADO;3;2;22
8;ESPINAZO DE PERICO;3;630;22
8;FILETE ALBACORA;3;26;22
8;FILETE DE BONITO;3;10;22
8;FILETE DE DIAMANTE;3;25;22
8;MIXTURA DE MARISCOS X 1 KG;3;20;22
8;MIXTURA DE MARISCOS ARO X 12 KG;2;263.9;22
8;PESCADO PARA SOPA - BONITO;3;7;22
8;FILETE DE POTA;3;7;22
8;PULPO;3;12.4;22